{
  "urls": [
    "assets/audio/audiosprite.mp3",
    "assets/audio/audiosprite.ogg"
  ],
  "sprite": {
    "click": [
      0,
      432.01814058956916
    ],
    "defeat": [
      2000,
      3657.1428571428564
    ],
    "dice_1": [
      7000,
      531.8594104308385
    ],
    "dice_2": [
      9000,
      646.8707482993192
    ],
    "dice_3": [
      11000,
      733.0839002267577
    ],
    "intro_splash": [
      13000,
      13322.448979591836
    ],
    "ladder_up": [
      28000,
      1750.2040816326528
    ],
    "music": [
      31000,
      27506.938775510207
    ],
    "six": [
      60000,
      1320.0000000000002
    ],
    "snake_down": [
      63000,
      2142.040816326528
    ],
    "text_in": [
      67000,
      239.99999999999488
    ],
    "text_out": [
      69000,
      1097.142857142856
    ],
    "token_jumps": [
      72000,
      192.01814058956757
    ],
    "token_lands": [
      74000,
      95.98639455782632
    ],
    "token_reappears_snakes_ass": [
      76000,
      133.03854875283605
    ],
    "victory": [
      78000,
      3395.918367346937
    ],
    "wheel_spin_stops": [
      83000,
      5172.244897959189
    ]
  }
}